Sample_prefix	chr	final_average_TL_p75	chr_order	arm	final_average_TL_p75_kb	direction	TL_group
2436A	chr1p	5221	1	p	5.221	Negative	Other
2436A	chr1q	5051.16666666667	1	q	5.05116666666667	Negative	Other
3188	chr1p	1642.5	1	p	1.6425	Negative	Short TL
3188	chr1q	3086.5	1	q	3.0865	Negative	Short TL
3988	chr1p	2347.5	1	p	2.3475	Negative	Other
3988	chr1q	5083	1	q	5.083	Negative	Other
6265D	chr1p	6548	1	p	6.548	Negative	Other
6265D	chr1q	3906.33333333333	1	q	3.90633333333333	Negative	Other
6266D	chr1p	4224	1	p	4.224	Negative	Other
6266D	chr1q	4338.5	1	q	4.3385	Negative	Other
6269C	chr1p	4019	1	p	4.019	Negative	Short TL
6269C	chr1q	4756.8	1	q	4.7568	Negative	Short TL
6277A	chr1p	5311	1	p	5.311	Negative	Other
6277A	chr1q	4704.75	1	q	4.70475	Negative	Other
6285B	chr1p	3171	1	p	3.171	Negative	Short TL
6285B	chr1q	3898	1	q	3.898	Negative	Short TL
6298B	chr1p	4198	1	p	4.198	Negative	Other
6298B	chr1q	6419.25	1	q	6.41925	Negative	Other
6314E	chr1p	3903	1	p	3.903	Negative	Other
6324B	chr1p	8373	1	p	8.373	Negative	Other
6324B	chr1q	4714	1	q	4.714	Negative	Other
6365A	chr1p	4965	1	p	4.965	Negative	Other
6365A	chr1q	4419.25	1	q	4.41925	Negative	Other
6414C	chr1p	3577.66666666667	1	p	3.57766666666667	Negative	Short TL
6414C	chr1q	2859	1	q	2.859	Negative	Short TL
6423A	chr1p	3424.5	1	p	3.4245	Negative	Other
6423A	chr1q	6019.5	1	q	6.0195	Negative	Other
6436B	chr1p	10227	1	p	10.227	Negative	Other
6436B	chr1q	3299.33333333333	1	q	3.29933333333333	Negative	Other
6439C	chr1p	3435.75	1	p	3.43575	Negative	Other
6439C	chr1q	3943.5	1	q	3.9435	Negative	Other
6478A	chr1p	7364.25	1	p	7.36425	Negative	Other
6478A	chr1q	8899.33333333333	1	q	8.89933333333333	Negative	Other
6483C	chr1p	7570	1	p	7.57	Negative	Other
6483C	chr1q	5543	1	q	5.543	Negative	Other
6500D	chr1p	4352	1	p	4.352	Negative	Other
6500D	chr1q	5630	1	q	5.63	Negative	Other
6605D	chr1p	6389	1	p	6.389	Negative	Other
6605D	chr1q	3099.75	1	q	3.09975	Negative	Other
2436A	chr2p	4118.25	2	p	4.11825	Negative	Other
2436A	chr2q	6963	2	q	6.963	Positive	Other
3188	chr2p	3439.25	2	p	3.43925	Negative	Short TL
3188	chr2q	1928	2	q	1.928	Positive	Short TL
3988	chr2p	3395	2	p	3.395	Negative	Other
6265D	chr2p	4845.375	2	p	4.845375	Negative	Other
6265D	chr2q	5738	2	q	5.738	Positive	Other
6266D	chr2p	4472.5	2	p	4.4725	Negative	Other
6266D	chr2q	4364.75	2	q	4.36475	Positive	Other
6269C	chr2p	6108.25	2	p	6.10825	Negative	Short TL
6269C	chr2q	3223	2	q	3.223	Positive	Short TL
6277A	chr2p	4544.25	2	p	4.54425	Negative	Other
6277A	chr2q	5423.5	2	q	5.4235	Positive	Other
6285B	chr2p	3231.5	2	p	3.2315	Negative	Short TL
6285B	chr2q	3298	2	q	3.298	Positive	Short TL
6298B	chr2p	4919.5	2	p	4.9195	Negative	Other
6314E	chr2p	5538	2	p	5.538	Negative	Other
6314E	chr2q	3171	2	q	3.171	Positive	Other
6324B	chr2p	8341	2	p	8.341	Negative	Other
6324B	chr2q	6927	2	q	6.927	Positive	Other
6365A	chr2p	3297.75	2	p	3.29775	Negative	Other
6365A	chr2q	7584.5	2	q	7.5845	Positive	Other
6414C	chr2p	4373.5	2	p	4.3735	Negative	Short TL
6414C	chr2q	6082	2	q	6.082	Positive	Short TL
6423A	chr2p	8609	2	p	8.609	Negative	Other
6423A	chr2q	5884	2	q	5.884	Positive	Other
6436B	chr2p	5830.5	2	p	5.8305	Negative	Other
6439C	chr2p	5902.5	2	p	5.9025	Negative	Other
6439C	chr2q	5111.5	2	q	5.1115	Positive	Other
6478A	chr2p	5008.5	2	p	5.0085	Negative	Other
6478A	chr2q	2859	2	q	2.859	Positive	Other
6483C	chr2p	4248	2	p	4.248	Negative	Other
6483C	chr2q	3141	2	q	3.141	Positive	Other
6500D	chr2p	4894.75	2	p	4.89475	Negative	Other
6500D	chr2q	7224	2	q	7.224	Positive	Other
6605D	chr2p	4374	2	p	4.374	Negative	Other
2436A	chr3p	4739.2	3	p	4.7392	Negative	Other
2436A	chr3q	4078.05	3	q	4.07805	Negative	Other
3188	chr3p	2890.5	3	p	2.8905	Negative	Short TL
3188	chr3q	2360.8	3	q	2.3608	Negative	Short TL
3988	chr3p	10037.5	3	p	10.0375	Negative	Other
3988	chr3q	2135.21428571429	3	q	2.13521428571429	Negative	Other
6265D	chr3p	5329.5	3	p	5.3295	Negative	Other
6265D	chr3q	4617.5	3	q	4.6175	Negative	Other
6266D	chr3p	12829.5	3	p	12.8295	Negative	Other
6266D	chr3q	5562	3	q	5.562	Negative	Other
6269C	chr3p	9171	3	p	9.171	Negative	Short TL
6269C	chr3q	4462.125	3	q	4.462125	Negative	Short TL
6277A	chr3p	5097.9	3	p	5.0979	Negative	Other
6277A	chr3q	6069	3	q	6.069	Negative	Other
6285B	chr3p	2985	3	p	2.985	Negative	Short TL
6285B	chr3q	2050.25	3	q	2.05025	Negative	Short TL
6298B	chr3p	5978.5	3	p	5.9785	Negative	Other
6298B	chr3q	6844.5	3	q	6.8445	Negative	Other
6314E	chr3p	1922	3	p	1.922	Negative	Other
6314E	chr3q	3415.5	3	q	3.4155	Negative	Other
6324B	chr3p	3953	3	p	3.953	Negative	Other
6324B	chr3q	5117	3	q	5.117	Negative	Other
6365A	chr3p	3834.33333333333	3	p	3.83433333333333	Negative	Other
6365A	chr3q	3536.6	3	q	3.5366	Negative	Other
6414C	chr3p	7371.25	3	p	7.37125	Negative	Short TL
6414C	chr3q	3291.5	3	q	3.2915	Negative	Short TL
6423A	chr3p	3541	3	p	3.541	Negative	Other
6423A	chr3q	3244.875	3	q	3.244875	Negative	Other
6436B	chr3p	4486.5	3	p	4.4865	Negative	Other
6436B	chr3q	5081.41666666667	3	q	5.08141666666667	Negative	Other
6439C	chr3p	4767.66666666667	3	p	4.76766666666667	Negative	Other
6439C	chr3q	6033.26666666667	3	q	6.03326666666667	Negative	Other
6478A	chr3p	7234	3	p	7.234	Negative	Other
6478A	chr3q	5576.5	3	q	5.5765	Negative	Other
6483C	chr3p	3060	3	p	3.06	Negative	Other
6483C	chr3q	5834.5	3	q	5.8345	Negative	Other
6500D	chr3p	4698	3	p	4.698	Negative	Other
6500D	chr3q	5411.5	3	q	5.4115	Negative	Other
6605D	chr3p	3379.75	3	p	3.37975	Negative	Other
6605D	chr3q	3096.25	3	q	3.09625	Negative	Other
2436A	chr4p	5788.25	4	p	5.78825	Negative	Other
2436A	chr4q	4223.91666666667	4	q	4.22391666666667	Positive	Other
3188	chr4p	2557.83333333333	4	p	2.55783333333333	Negative	Short TL
3188	chr4q	4114.5	4	q	4.1145	Positive	Short TL
3988	chr4p	4202	4	p	4.202	Negative	Other
3988	chr4q	5734.5	4	q	5.7345	Positive	Other
6265D	chr4q	5053.25	4	q	5.05325	Positive	Other
6266D	chr4p	6912	4	p	6.912	Negative	Other
6269C	chr4p	3559.5	4	p	3.5595	Negative	Short TL
6269C	chr4q	4636.25	4	q	4.63625	Positive	Short TL
6277A	chr4p	4112.5	4	p	4.1125	Negative	Other
6277A	chr4q	4390.5	4	q	4.3905	Positive	Other
6285B	chr4p	3057.75	4	p	3.05775	Negative	Short TL
6285B	chr4q	3066.5	4	q	3.0665	Positive	Short TL
6298B	chr4p	4737	4	p	4.737	Negative	Other
6298B	chr4q	5980	4	q	5.98	Positive	Other
6314E	chr4p	8268	4	p	8.268	Negative	Other
6324B	chr4p	4548	4	p	4.548	Negative	Other
6324B	chr4q	5403	4	q	5.403	Positive	Other
6365A	chr4p	6984	4	p	6.984	Negative	Other
6365A	chr4q	4348.25	4	q	4.34825	Positive	Other
6414C	chr4p	3407.41666666667	4	p	3.40741666666667	Negative	Short TL
6423A	chr4p	6523	4	p	6.523	Negative	Other
6423A	chr4q	4393	4	q	4.393	Positive	Other
6436B	chr4p	4571.25	4	p	4.57125	Negative	Other
6436B	chr4q	5689	4	q	5.689	Positive	Other
6439C	chr4p	7232	4	p	7.232	Negative	Other
6439C	chr4q	6591	4	q	6.591	Positive	Other
6478A	chr4p	3353.33333333333	4	p	3.35333333333333	Negative	Other
6478A	chr4q	3031.5	4	q	3.0315	Positive	Other
6483C	chr4p	6787.25	4	p	6.78725	Negative	Other
6483C	chr4q	5857	4	q	5.857	Positive	Other
6500D	chr4p	6665.5	4	p	6.6655	Negative	Other
6500D	chr4q	6759.5	4	q	6.7595	Positive	Other
6605D	chr4p	3165	4	p	3.165	Negative	Other
6605D	chr4q	5181.25	4	q	5.18125	Positive	Other
2436A	chr5p	6545.75	5	p	6.54575	Positive	Other
2436A	chr5q	10542.2083333333	5	q	10.5422083333333	Negative	Other
3188	chr5p	3681	5	p	3.681	Positive	Short TL
3188	chr5q	2158	5	q	2.158	Negative	Short TL
3988	chr5p	5688.66666666667	5	p	5.68866666666667	Positive	Other
3988	chr5q	6124.66666666667	5	q	6.12466666666667	Negative	Other
6265D	chr5p	7076	5	p	7.076	Positive	Other
6266D	chr5p	4185.5	5	p	4.1855	Positive	Other
6266D	chr5q	3372	5	q	3.372	Negative	Other
6269C	chr5p	5932.5	5	p	5.9325	Positive	Short TL
6269C	chr5q	3078	5	q	3.078	Negative	Short TL
6277A	chr5p	5226.83333333333	5	p	5.22683333333333	Positive	Other
6277A	chr5q	8993	5	q	8.993	Negative	Other
6285B	chr5p	3228	5	p	3.228	Positive	Short TL
6285B	chr5q	3251.5	5	q	3.2515	Negative	Short TL
6298B	chr5p	10733.5	5	p	10.7335	Positive	Other
6298B	chr5q	3698	5	q	3.698	Negative	Other
6314E	chr5p	9230	5	p	9.23	Positive	Other
6314E	chr5q	1415	5	q	1.415	Negative	Other
6324B	chr5p	4419	5	p	4.419	Positive	Other
6324B	chr5q	11015.5	5	q	11.0155	Negative	Other
6365A	chr5p	3540	5	p	3.54	Positive	Other
6365A	chr5q	5311	5	q	5.311	Negative	Other
6414C	chr5p	3302	5	p	3.302	Positive	Short TL
6414C	chr5q	5114.5	5	q	5.1145	Negative	Short TL
6423A	chr5p	9706	5	p	9.706	Positive	Other
6423A	chr5q	3837.5	5	q	3.8375	Negative	Other
6436B	chr5p	5587.5	5	p	5.5875	Positive	Other
6436B	chr5q	7119.5	5	q	7.1195	Negative	Other
6439C	chr5p	9609	5	p	9.609	Positive	Other
6439C	chr5q	4512	5	q	4.512	Negative	Other
6478A	chr5p	4829.5	5	p	4.8295	Positive	Other
6478A	chr5q	9295.66666666667	5	q	9.29566666666667	Negative	Other
6483C	chr5p	6910	5	p	6.91	Positive	Other
6483C	chr5q	3951	5	q	3.951	Negative	Other
6500D	chr5p	6060.5	5	p	6.0605	Positive	Other
6500D	chr5q	4729.5	5	q	4.7295	Negative	Other
6605D	chr5p	8951.25	5	p	8.95125	Positive	Other
6605D	chr5q	4559	5	q	4.559	Negative	Other
2436A	chr6p	4048.5	6	p	4.0485	Negative	Other
2436A	chr6q	5896.92857142857	6	q	5.89692857142857	Positive	Other
3188	chr6p	2707.5	6	p	2.7075	Negative	Short TL
3188	chr6q	2246.33333333333	6	q	2.24633333333333	Positive	Short TL
3988	chr6p	2850.25	6	p	2.85025	Negative	Other
6265D	chr6p	7669.25	6	p	7.66925	Negative	Other
6265D	chr6q	8975	6	q	8.975	Positive	Other
6266D	chr6p	4795.375	6	p	4.795375	Negative	Other
6266D	chr6q	3383.5	6	q	3.3835	Positive	Other
6269C	chr6p	6963	6	p	6.963	Negative	Short TL
6277A	chr6p	3839.66666666667	6	p	3.83966666666667	Negative	Other
6277A	chr6q	7479	6	q	7.479	Positive	Other
6285B	chr6p	3463	6	p	3.463	Negative	Short TL
6285B	chr6q	4018.5	6	q	4.0185	Positive	Short TL
6298B	chr6p	1641	6	p	1.641	Negative	Other
6298B	chr6q	4143.5	6	q	4.1435	Positive	Other
6314E	chr6p	3820	6	p	3.82	Negative	Other
6314E	chr6q	4838	6	q	4.838	Positive	Other
6324B	chr6p	5239	6	p	5.239	Negative	Other
6324B	chr6q	4250.5	6	q	4.2505	Positive	Other
6365A	chr6p	1875.5	6	p	1.8755	Negative	Other
6365A	chr6q	4836	6	q	4.836	Positive	Other
6414C	chr6p	6200	6	p	6.2	Negative	Short TL
6414C	chr6q	5129	6	q	5.129	Positive	Short TL
6423A	chr6p	6808	6	p	6.808	Negative	Other
6423A	chr6q	5479	6	q	5.479	Positive	Other
6436B	chr6p	2295.16666666667	6	p	2.29516666666667	Negative	Other
6436B	chr6q	5735.5	6	q	5.7355	Positive	Other
6439C	chr6q	9609	6	q	9.609	Positive	Other
6478A	chr6p	5004	6	p	5.004	Negative	Other
6478A	chr6q	7965	6	q	7.965	Positive	Other
6483C	chr6p	3580.5	6	p	3.5805	Negative	Other
6483C	chr6q	4985.5	6	q	4.9855	Positive	Other
6500D	chr6p	4441	6	p	4.441	Negative	Other
6500D	chr6q	5955.5	6	q	5.9555	Positive	Other
6605D	chr6p	4249.75	6	p	4.24975	Negative	Other
6605D	chr6q	7141.25	6	q	7.14125	Positive	Other
2436A	chr7p	4684.33333333333	7	p	4.68433333333333	Positive	Other
2436A	chr7q	6483.08333333333	7	q	6.48308333333333	Positive	Other
3188	chr7p	1615	7	p	1.615	Positive	Short TL
3188	chr7q	2375.75	7	q	2.37575	Positive	Short TL
3988	chr7p	5220	7	p	5.22	Positive	Other
3988	chr7q	5331	7	q	5.331	Positive	Other
6265D	chr7p	5219.25	7	p	5.21925	Positive	Other
6265D	chr7q	7775.5	7	q	7.7755	Positive	Other
6266D	chr7p	4870	7	p	4.87	Positive	Other
6266D	chr7q	6241	7	q	6.241	Positive	Other
6269C	chr7p	7478	7	p	7.478	Positive	Short TL
6269C	chr7q	4016	7	q	4.016	Positive	Short TL
6277A	chr7p	6403.5	7	p	6.4035	Positive	Other
6277A	chr7q	5808	7	q	5.808	Positive	Other
6285B	chr7p	3370	7	p	3.37	Positive	Short TL
6285B	chr7q	3978	7	q	3.978	Positive	Short TL
6298B	chr7p	5973	7	p	5.973	Positive	Other
6298B	chr7q	3918.5	7	q	3.9185	Positive	Other
6314E	chr7p	1998.5	7	p	1.9985	Positive	Other
6314E	chr7q	5512	7	q	5.512	Positive	Other
6324B	chr7p	3142	7	p	3.142	Positive	Other
6324B	chr7q	3970	7	q	3.97	Positive	Other
6365A	chr7p	6764.5	7	p	6.7645	Positive	Other
6365A	chr7q	7389.25	7	q	7.38925	Positive	Other
6414C	chr7p	4883	7	p	4.883	Positive	Short TL
6414C	chr7q	2906	7	q	2.906	Positive	Short TL
6423A	chr7q	4276	7	q	4.276	Positive	Other
6436B	chr7p	6975	7	p	6.975	Positive	Other
6436B	chr7q	5743.5	7	q	5.7435	Positive	Other
6439C	chr7p	7063	7	p	7.063	Positive	Other
6439C	chr7q	6938.5	7	q	6.9385	Positive	Other
6478A	chr7p	9319	7	p	9.319	Positive	Other
6478A	chr7q	8043	7	q	8.043	Positive	Other
6483C	chr7p	7881.5	7	p	7.8815	Positive	Other
6483C	chr7q	6405.5	7	q	6.4055	Positive	Other
6500D	chr7p	7021	7	p	7.021	Positive	Other
6500D	chr7q	6703	7	q	6.703	Positive	Other
6605D	chr7p	7931	7	p	7.931	Positive	Other
6605D	chr7q	6898.75	7	q	6.89875	Positive	Other
2436A	chr8p	4764.75	8	p	4.76475	Negative	Other
2436A	chr8q	6406.33333333333	8	q	6.40633333333333	Negative	Other
3188	chr8p	2236.625	8	p	2.236625	Negative	Short TL
3188	chr8q	3307.66666666667	8	q	3.30766666666667	Negative	Short TL
3988	chr8p	4624.5	8	p	4.6245	Negative	Other
3988	chr8q	4655	8	q	4.655	Negative	Other
6265D	chr8p	4356.58333333333	8	p	4.35658333333333	Negative	Other
6265D	chr8q	8339.5	8	q	8.3395	Negative	Other
6266D	chr8p	2143.5	8	p	2.1435	Negative	Other
6266D	chr8q	4278	8	q	4.278	Negative	Other
6269C	chr8p	4595.5	8	p	4.5955	Negative	Short TL
6269C	chr8q	4293.5	8	q	4.2935	Negative	Short TL
6277A	chr8p	3993	8	p	3.993	Negative	Other
6277A	chr8q	5108.5	8	q	5.1085	Negative	Other
6285B	chr8p	3351.5	8	p	3.3515	Negative	Short TL
6285B	chr8q	3230.5	8	q	3.2305	Negative	Short TL
6298B	chr8p	4656	8	p	4.656	Negative	Other
6298B	chr8q	5850.5	8	q	5.8505	Negative	Other
6314E	chr8q	5195	8	q	5.195	Negative	Other
6324B	chr8p	8228	8	p	8.228	Negative	Other
6324B	chr8q	5409	8	q	5.409	Negative	Other
6365A	chr8p	2163	8	p	2.163	Negative	Other
6365A	chr8q	4360	8	q	4.36	Negative	Other
6414C	chr8p	3494	8	p	3.494	Negative	Short TL
6414C	chr8q	2854.5	8	q	2.8545	Negative	Short TL
6423A	chr8p	5568.5	8	p	5.5685	Negative	Other
6423A	chr8q	2574	8	q	2.574	Negative	Other
6436B	chr8p	3351.5	8	p	3.3515	Negative	Other
6436B	chr8q	4448	8	q	4.448	Negative	Other
6439C	chr8p	8266.5	8	p	8.2665	Negative	Other
6439C	chr8q	2447	8	q	2.447	Negative	Other
6478A	chr8p	2506	8	p	2.506	Negative	Other
6478A	chr8q	9318	8	q	9.318	Negative	Other
6483C	chr8p	6333.5	8	p	6.3335	Negative	Other
6483C	chr8q	4014.5	8	q	4.0145	Negative	Other
6500D	chr8p	5258.75	8	p	5.25875	Negative	Other
6500D	chr8q	4764.5	8	q	4.7645	Negative	Other
6605D	chr8p	5316	8	p	5.316	Negative	Other
6605D	chr8q	8427	8	q	8.427	Negative	Other
2436A	chr9p	4389.58333333333	9	p	4.38958333333333	Negative	Other
2436A	chr9q	3546.25	9	q	3.54625	Negative	Other
3188	chr9p	2822.5	9	p	2.8225	Negative	Short TL
3188	chr9q	3129.7	9	q	3.1297	Negative	Short TL
3988	chr9p	6700.33333333333	9	p	6.70033333333333	Negative	Other
3988	chr9q	9083.5	9	q	9.0835	Negative	Other
6265D	chr9p	3406.66666666667	9	p	3.40666666666667	Negative	Other
6265D	chr9q	6687	9	q	6.687	Negative	Other
6266D	chr9p	4410.5	9	p	4.4105	Negative	Other
6266D	chr9q	4862	9	q	4.862	Negative	Other
6269C	chr9p	3910	9	p	3.91	Negative	Short TL
6269C	chr9q	5691.625	9	q	5.691625	Negative	Short TL
6277A	chr9p	4765.25	9	p	4.76525	Negative	Other
6277A	chr9q	6324.16666666667	9	q	6.32416666666667	Negative	Other
6285B	chr9p	3559	9	p	3.559	Negative	Short TL
6285B	chr9q	3186	9	q	3.186	Negative	Short TL
6298B	chr9p	4324	9	p	4.324	Negative	Other
6298B	chr9q	4079	9	q	4.079	Negative	Other
6314E	chr9p	3437	9	p	3.437	Negative	Other
6314E	chr9q	1983.75	9	q	1.98375	Negative	Other
6324B	chr9p	5671.66666666667	9	p	5.67166666666667	Negative	Other
6365A	chr9p	4174	9	p	4.174	Negative	Other
6365A	chr9q	1493.5	9	q	1.4935	Negative	Other
6414C	chr9p	3395	9	p	3.395	Negative	Short TL
6423A	chr9p	4032	9	p	4.032	Negative	Other
6423A	chr9q	4864	9	q	4.864	Negative	Other
6436B	chr9p	5468.5	9	p	5.4685	Negative	Other
6436B	chr9q	3770.5	9	q	3.7705	Negative	Other
6439C	chr9p	3033	9	p	3.033	Negative	Other
6439C	chr9q	7025.4	9	q	7.0254	Negative	Other
6478A	chr9p	4708.5	9	p	4.7085	Negative	Other
6478A	chr9q	1570	9	q	1.57	Negative	Other
6483C	chr9p	3180	9	p	3.18	Negative	Other
6500D	chr9p	5714.5	9	p	5.7145	Negative	Other
6500D	chr9q	3411	9	q	3.411	Negative	Other
6605D	chr9p	5118	9	p	5.118	Negative	Other
6605D	chr9q	5288	9	q	5.288	Negative	Other
2436A	chr10p	3611.75	10	p	3.61175	Negative	Other
2436A	chr10q	2732.75	10	q	2.73275	Positive	Other
3188	chr10p	2136	10	p	2.136	Negative	Short TL
3188	chr10q	3496.5	10	q	3.4965	Positive	Short TL
3988	chr10p	3769.75	10	p	3.76975	Negative	Other
3988	chr10q	5998.5	10	q	5.9985	Positive	Other
6265D	chr10p	4818	10	p	4.818	Negative	Other
6265D	chr10q	4609.75	10	q	4.60975	Positive	Other
6266D	chr10p	5948	10	p	5.948	Negative	Other
6266D	chr10q	5216	10	q	5.216	Positive	Other
6269C	chr10p	3778.5	10	p	3.7785	Negative	Short TL
6269C	chr10q	6423.5	10	q	6.4235	Positive	Short TL
6285B	chr10p	4350	10	p	4.35	Negative	Short TL
6285B	chr10q	3308	10	q	3.308	Positive	Short TL
6298B	chr10p	4781.5	10	p	4.7815	Negative	Other
6298B	chr10q	5977	10	q	5.977	Positive	Other
6314E	chr10p	9573	10	p	9.573	Negative	Other
6314E	chr10q	4313	10	q	4.313	Positive	Other
6324B	chr10p	5622.5	10	p	5.6225	Negative	Other
6324B	chr10q	4463	10	q	4.463	Positive	Other
6365A	chr10p	3500.66666666667	10	p	3.50066666666667	Negative	Other
6365A	chr10q	4528.75	10	q	4.52875	Positive	Other
6414C	chr10p	3418	10	p	3.418	Negative	Short TL
6414C	chr10q	3135	10	q	3.135	Positive	Short TL
6423A	chr10p	3955	10	p	3.955	Negative	Other
6423A	chr10q	4892	10	q	4.892	Positive	Other
6436B	chr10p	8161	10	p	8.161	Negative	Other
6436B	chr10q	6552	10	q	6.552	Positive	Other
6439C	chr10p	4815.5	10	p	4.8155	Negative	Other
6439C	chr10q	6709.5	10	q	6.7095	Positive	Other
6478A	chr10p	3217	10	p	3.217	Negative	Other
6478A	chr10q	3380.5	10	q	3.3805	Positive	Other
6483C	chr10p	4391	10	p	4.391	Negative	Other
6483C	chr10q	7840.5	10	q	7.8405	Positive	Other
6500D	chr10p	4404.66666666667	10	p	4.40466666666667	Negative	Other
6500D	chr10q	5336.5	10	q	5.3365	Positive	Other
6605D	chr10p	3380	10	p	3.38	Negative	Other
6605D	chr10q	5264.75	10	q	5.26475	Positive	Other
2436A	chr11p	6766	11	p	6.766	Negative	Other
2436A	chr11q	5303	11	q	5.303	Negative	Other
3188	chr11p	2651.25	11	p	2.65125	Negative	Short TL
3188	chr11q	3293	11	q	3.293	Negative	Short TL
3988	chr11p	3587	11	p	3.587	Negative	Other
3988	chr11q	5008.33333333333	11	q	5.00833333333333	Negative	Other
6265D	chr11p	4933	11	p	4.933	Negative	Other
6265D	chr11q	4069	11	q	4.069	Negative	Other
6266D	chr11p	4686.25	11	p	4.68625	Negative	Other
6266D	chr11q	6269	11	q	6.269	Negative	Other
6269C	chr11q	3914	11	q	3.914	Negative	Short TL
6277A	chr11p	3009	11	p	3.009	Negative	Other
6277A	chr11q	2569.25	11	q	2.56925	Negative	Other
6285B	chr11q	2939	11	q	2.939	Negative	Short TL
6298B	chr11p	3572	11	p	3.572	Negative	Other
6298B	chr11q	7347.5	11	q	7.3475	Negative	Other
6314E	chr11q	6660	11	q	6.66	Negative	Other
6324B	chr11p	11241.5	11	p	11.2415	Negative	Other
6324B	chr11q	7423.5	11	q	7.4235	Negative	Other
6365A	chr11q	4253.25	11	q	4.25325	Negative	Other
6414C	chr11q	3541.5	11	q	3.5415	Negative	Short TL
6423A	chr11p	6391	11	p	6.391	Negative	Other
6423A	chr11q	3274.75	11	q	3.27475	Negative	Other
6436B	chr11p	164	11	p	0.164	Negative	Other
6436B	chr11q	8697	11	q	8.697	Negative	Other
6439C	chr11p	2171	11	p	2.171	Negative	Other
6439C	chr11q	6321.25	11	q	6.32125	Negative	Other
6478A	chr11p	3144	11	p	3.144	Negative	Other
6478A	chr11q	5482.66666666667	11	q	5.48266666666667	Negative	Other
6483C	chr11p	6273.5	11	p	6.2735	Negative	Other
6483C	chr11q	3571.5	11	q	3.5715	Negative	Other
6500D	chr11q	5690	11	q	5.69	Negative	Other
6605D	chr11p	3181	11	p	3.181	Negative	Other
6605D	chr11q	2351	11	q	2.351	Negative	Other
2436A	chr12p	5319.4	12	p	5.3194	Positive	Other
2436A	chr12q	6085	12	q	6.085	Positive	Other
3188	chr12p	2473.5	12	p	2.4735	Positive	Short TL
3188	chr12q	2691	12	q	2.691	Positive	Short TL
3988	chr12p	8105	12	p	8.105	Positive	Other
3988	chr12q	4392.5	12	q	4.3925	Positive	Other
6265D	chr12p	6917	12	p	6.917	Positive	Other
6265D	chr12q	7486	12	q	7.486	Positive	Other
6266D	chr12p	4092.5	12	p	4.0925	Positive	Other
6266D	chr12q	2331	12	q	2.331	Positive	Other
6269C	chr12p	4043.16666666667	12	p	4.04316666666667	Positive	Short TL
6269C	chr12q	4918.75	12	q	4.91875	Positive	Short TL
6277A	chr12p	6638.75	12	p	6.63875	Positive	Other
6277A	chr12q	6703	12	q	6.703	Positive	Other
6285B	chr12p	3126.5	12	p	3.1265	Positive	Short TL
6285B	chr12q	3656	12	q	3.656	Positive	Short TL
6298B	chr12p	3916	12	p	3.916	Positive	Other
6298B	chr12q	5358.5	12	q	5.3585	Positive	Other
6314E	chr12q	8929	12	q	8.929	Positive	Other
6324B	chr12p	3744.5	12	p	3.7445	Positive	Other
6324B	chr12q	3334	12	q	3.334	Positive	Other
6365A	chr12p	6876	12	p	6.876	Positive	Other
6365A	chr12q	4486.5	12	q	4.4865	Positive	Other
6414C	chr12p	3801.5	12	p	3.8015	Positive	Short TL
6414C	chr12q	3275.25	12	q	3.27525	Positive	Short TL
6423A	chr12p	4860.5	12	p	4.8605	Positive	Other
6423A	chr12q	5828	12	q	5.828	Positive	Other
6436B	chr12p	5063.5	12	p	5.0635	Positive	Other
6436B	chr12q	4837.25	12	q	4.83725	Positive	Other
6439C	chr12p	2460	12	p	2.46	Positive	Other
6439C	chr12q	6020.5	12	q	6.0205	Positive	Other
6478A	chr12p	3972	12	p	3.972	Positive	Other
6478A	chr12q	6452.5	12	q	6.4525	Positive	Other
6483C	chr12p	5712.5	12	p	5.7125	Positive	Other
6483C	chr12q	3204	12	q	3.204	Positive	Other
6500D	chr12p	6425.5	12	p	6.4255	Positive	Other
6500D	chr12q	6895.5	12	q	6.8955	Positive	Other
6605D	chr12p	6821.16666666667	12	p	6.82116666666667	Positive	Other
6605D	chr12q	3801.25	12	q	3.80125	Positive	Other
2436A	chr13p	7972.28571428571	13	p	7.97228571428571	Negative	Other
2436A	chr13q	5454	13	q	5.454	Positive	Other
3188	chr13p	4230.5	13	p	4.2305	Negative	Short TL
3188	chr13q	3465	13	q	3.465	Positive	Short TL
3988	chr13p	8283	13	p	8.283	Negative	Other
3988	chr13q	5875.33333333333	13	q	5.87533333333333	Positive	Other
6265D	chr13p	3786.5	13	p	3.7865	Negative	Other
6265D	chr13q	11754	13	q	11.754	Positive	Other
6266D	chr13p	7050	13	p	7.05	Negative	Other
6266D	chr13q	7529.66666666667	13	q	7.52966666666667	Positive	Other
6269C	chr13p	5922	13	p	5.922	Negative	Short TL
6269C	chr13q	5219	13	q	5.219	Positive	Short TL
6277A	chr13p	4624	13	p	4.624	Negative	Other
6277A	chr13q	7173.33333333333	13	q	7.17333333333333	Positive	Other
6285B	chr13p	4943	13	p	4.943	Negative	Short TL
6285B	chr13q	4999.5	13	q	4.9995	Positive	Short TL
6298B	chr13p	4290.75	13	p	4.29075	Negative	Other
6298B	chr13q	5124.5	13	q	5.1245	Positive	Other
6314E	chr13p	4142	13	p	4.142	Negative	Other
6314E	chr13q	3436	13	q	3.436	Positive	Other
6324B	chr13p	5372.5	13	p	5.3725	Negative	Other
6365A	chr13p	3575.33333333333	13	p	3.57533333333333	Negative	Other
6365A	chr13q	6328.5	13	q	6.3285	Positive	Other
6414C	chr13p	3878	13	p	3.878	Negative	Short TL
6414C	chr13q	3207.5	13	q	3.2075	Positive	Short TL
6423A	chr13p	3496.5	13	p	3.4965	Negative	Other
6423A	chr13q	3747.5	13	q	3.7475	Positive	Other
6436B	chr13p	4568.5	13	p	4.5685	Negative	Other
6436B	chr13q	8281.5	13	q	8.2815	Positive	Other
6439C	chr13p	6738	13	p	6.738	Negative	Other
6439C	chr13q	8785	13	q	8.785	Positive	Other
6478A	chr13p	4677.33333333333	13	p	4.67733333333333	Negative	Other
6478A	chr13q	7644.5	13	q	7.6445	Positive	Other
6483C	chr13q	4782	13	q	4.782	Positive	Other
6500D	chr13p	4939	13	p	4.939	Negative	Other
6500D	chr13q	4502	13	q	4.502	Positive	Other
6605D	chr13p	3483.5	13	p	3.4835	Negative	Other
6605D	chr13q	6952	13	q	6.952	Positive	Other
2436A	chr14p	9562	14	p	9.562	Positive	Other
2436A	chr14q	3490.6	14	q	3.4906	Positive	Other
3188	chr14q	2626	14	q	2.626	Positive	Short TL
3988	chr14p	5178.25	14	p	5.17825	Positive	Other
3988	chr14q	5690.33333333333	14	q	5.69033333333333	Positive	Other
6265D	chr14p	7839.5	14	p	7.8395	Positive	Other
6265D	chr14q	6329	14	q	6.329	Positive	Other
6266D	chr14p	3688.75	14	p	3.68875	Positive	Other
6266D	chr14q	5204.75	14	q	5.20475	Positive	Other
6269C	chr14p	5100	14	p	5.1	Positive	Short TL
6269C	chr14q	2039	14	q	2.039	Positive	Short TL
6277A	chr14p	9466	14	p	9.466	Positive	Other
6277A	chr14q	3409	14	q	3.409	Positive	Other
6285B	chr14q	4150	14	q	4.15	Positive	Short TL
6298B	chr14p	4711	14	p	4.711	Positive	Other
6298B	chr14q	7072	14	q	7.072	Positive	Other
6314E	chr14q	4851	14	q	4.851	Positive	Other
6324B	chr14p	5932	14	p	5.932	Positive	Other
6324B	chr14q	5255.5	14	q	5.2555	Positive	Other
6365A	chr14p	3758	14	p	3.758	Positive	Other
6365A	chr14q	4726.5	14	q	4.7265	Positive	Other
6414C	chr14q	2948.66666666667	14	q	2.94866666666667	Positive	Short TL
6423A	chr14p	3043	14	p	3.043	Positive	Other
6423A	chr14q	4391.5	14	q	4.3915	Positive	Other
6436B	chr14p	9276	14	p	9.276	Positive	Other
6436B	chr14q	5180.66666666667	14	q	5.18066666666667	Positive	Other
6439C	chr14p	4645	14	p	4.645	Positive	Other
6439C	chr14q	8998	14	q	8.998	Positive	Other
6478A	chr14p	11270.5	14	p	11.2705	Positive	Other
6478A	chr14q	6185.5	14	q	6.1855	Positive	Other
6483C	chr14p	3343.75	14	p	3.34375	Positive	Other
6483C	chr14q	4236	14	q	4.236	Positive	Other
6500D	chr14p	6203	14	p	6.203	Positive	Other
6500D	chr14q	5449.5	14	q	5.4495	Positive	Other
6605D	chr14p	6182.75	14	p	6.18275	Positive	Other
6605D	chr14q	6471.33333333333	14	q	6.47133333333333	Positive	Other
2436A	chr15p	4674.125	15	p	4.674125	Positive	Other
2436A	chr15q	4111.5	15	q	4.1115	Negative	Other
3188	chr15q	1874	15	q	1.874	Negative	Short TL
3988	chr15p	5760.5	15	p	5.7605	Positive	Other
3988	chr15q	4054	15	q	4.054	Negative	Other
6265D	chr15p	4370	15	p	4.37	Positive	Other
6265D	chr15q	5971	15	q	5.971	Negative	Other
6266D	chr15p	7711	15	p	7.711	Positive	Other
6269C	chr15p	6771.66666666667	15	p	6.77166666666667	Positive	Short TL
6269C	chr15q	3138.5	15	q	3.1385	Negative	Short TL
6277A	chr15p	6968.75	15	p	6.96875	Positive	Other
6277A	chr15q	7062	15	q	7.062	Negative	Other
6285B	chr15p	4057	15	p	4.057	Positive	Short TL
6285B	chr15q	4122.33333333333	15	q	4.12233333333333	Negative	Short TL
6298B	chr15p	4159.5	15	p	4.1595	Positive	Other
6298B	chr15q	3357	15	q	3.357	Negative	Other
6314E	chr15p	2220	15	p	2.22	Positive	Other
6324B	chr15p	6328	15	p	6.328	Positive	Other
6324B	chr15q	7624	15	q	7.624	Negative	Other
6365A	chr15p	2858	15	p	2.858	Positive	Other
6365A	chr15q	3267.75	15	q	3.26775	Negative	Other
6414C	chr15p	5079.5	15	p	5.0795	Positive	Short TL
6414C	chr15q	2821	15	q	2.821	Negative	Short TL
6423A	chr15q	5248	15	q	5.248	Negative	Other
6436B	chr15p	4771	15	p	4.771	Positive	Other
6436B	chr15q	5514	15	q	5.514	Negative	Other
6439C	chr15p	3084	15	p	3.084	Positive	Other
6439C	chr15q	5577.66666666667	15	q	5.57766666666667	Negative	Other
6478A	chr15q	4054	15	q	4.054	Negative	Other
6483C	chr15q	2935	15	q	2.935	Negative	Other
6500D	chr15p	7689	15	p	7.689	Positive	Other
6500D	chr15q	6113.25	15	q	6.11325	Negative	Other
6605D	chr15p	5565.75	15	p	5.56575	Positive	Other
6605D	chr15q	4634	15	q	4.634	Negative	Other
2436A	chr16p	6940.2	16	p	6.9402	Positive	Other
2436A	chr16q	5979	16	q	5.979	Negative	Other
3188	chr16p	2958	16	p	2.958	Positive	Short TL
3188	chr16q	2897.5	16	q	2.8975	Negative	Short TL
3988	chr16p	6043.5	16	p	6.0435	Positive	Other
3988	chr16q	7737.4	16	q	7.7374	Negative	Other
6265D	chr16p	9536	16	p	9.536	Positive	Other
6265D	chr16q	4782.5	16	q	4.7825	Negative	Other
6266D	chr16p	5183	16	p	5.183	Positive	Other
6266D	chr16q	12000.5	16	q	12.0005	Negative	Other
6269C	chr16p	4978.75	16	p	4.97875	Positive	Short TL
6269C	chr16q	4368.75	16	q	4.36875	Negative	Short TL
6277A	chr16p	4287.5	16	p	4.2875	Positive	Other
6277A	chr16q	187	16	q	0.187	Negative	Other
6285B	chr16p	3884	16	p	3.884	Positive	Short TL
6285B	chr16q	3144.5	16	q	3.1445	Negative	Short TL
6298B	chr16p	5419	16	p	5.419	Positive	Other
6298B	chr16q	6612.25	16	q	6.61225	Negative	Other
6314E	chr16p	5846	16	p	5.846	Positive	Other
6324B	chr16p	6613.66666666667	16	p	6.61366666666667	Positive	Other
6324B	chr16q	4127	16	q	4.127	Negative	Other
6365A	chr16p	4636.25	16	p	4.63625	Positive	Other
6365A	chr16q	4518.5	16	q	4.5185	Negative	Other
6414C	chr16p	3283	16	p	3.283	Positive	Short TL
6414C	chr16q	4629	16	q	4.629	Negative	Short TL
6423A	chr16p	4192.33333333333	16	p	4.19233333333333	Positive	Other
6423A	chr16q	3933	16	q	3.933	Negative	Other
6436B	chr16p	5973	16	p	5.973	Positive	Other
6436B	chr16q	4484.86666666667	16	q	4.48486666666667	Negative	Other
6439C	chr16p	7114	16	p	7.114	Positive	Other
6439C	chr16q	7530.5	16	q	7.5305	Negative	Other
6478A	chr16p	6405.5	16	p	6.4055	Positive	Other
6478A	chr16q	4328.83333333333	16	q	4.32883333333333	Negative	Other
6483C	chr16p	5642	16	p	5.642	Positive	Other
6483C	chr16q	126	16	q	0.126	Negative	Other
6500D	chr16p	5589	16	p	5.589	Positive	Other
6500D	chr16q	4864	16	q	4.864	Negative	Other
6605D	chr16p	5732.75	16	p	5.73275	Positive	Other
6605D	chr16q	5099.93333333333	16	q	5.09993333333333	Negative	Other
2436A	chr17p	7989.25	17	p	7.98925	Positive	Other
2436A	chr17q	4601.5	17	q	4.6015	Positive	Other
3188	chr17p	2353	17	p	2.353	Positive	Short TL
3188	chr17q	2825.75	17	q	2.82575	Positive	Short TL
3988	chr17p	4594	17	p	4.594	Positive	Other
3988	chr17q	6067	17	q	6.067	Positive	Other
6265D	chr17p	3477.16666666667	17	p	3.47716666666667	Positive	Other
6265D	chr17q	4720	17	q	4.72	Positive	Other
6266D	chr17p	4201	17	p	4.201	Positive	Other
6266D	chr17q	8153	17	q	8.153	Positive	Other
6269C	chr17p	5390	17	p	5.39	Positive	Short TL
6269C	chr17q	5776.25	17	q	5.77625	Positive	Short TL
6277A	chr17p	4621	17	p	4.621	Positive	Other
6277A	chr17q	6174	17	q	6.174	Positive	Other
6285B	chr17p	2440	17	p	2.44	Positive	Short TL
6285B	chr17q	2066	17	q	2.066	Positive	Short TL
6298B	chr17p	3771	17	p	3.771	Positive	Other
6298B	chr17q	5845	17	q	5.845	Positive	Other
6314E	chr17p	7325.5	17	p	7.3255	Positive	Other
6314E	chr17q	3068.66666666667	17	q	3.06866666666667	Positive	Other
6324B	chr17p	6391	17	p	6.391	Positive	Other
6324B	chr17q	4814	17	q	4.814	Positive	Other
6365A	chr17p	3855	17	p	3.855	Positive	Other
6365A	chr17q	5482.41666666667	17	q	5.48241666666667	Positive	Other
6414C	chr17p	4698.5	17	p	4.6985	Positive	Short TL
6414C	chr17q	3439.5	17	q	3.4395	Positive	Short TL
6423A	chr17p	5794	17	p	5.794	Positive	Other
6423A	chr17q	7706.25	17	q	7.70625	Positive	Other
6436B	chr17p	8236	17	p	8.236	Positive	Other
6436B	chr17q	4493	17	q	4.493	Positive	Other
6439C	chr17p	9333.5	17	p	9.3335	Positive	Other
6439C	chr17q	12546	17	q	12.546	Positive	Other
6478A	chr17p	6773.5	17	p	6.7735	Positive	Other
6478A	chr17q	2927.83333333333	17	q	2.92783333333333	Positive	Other
6483C	chr17p	7103	17	p	7.103	Positive	Other
6483C	chr17q	6656	17	q	6.656	Positive	Other
6500D	chr17p	5040.5	17	p	5.0405	Positive	Other
6500D	chr17q	5518	17	q	5.518	Positive	Other
6605D	chr17p	4924	17	p	4.924	Positive	Other
6605D	chr17q	4318	17	q	4.318	Positive	Other
2436A	chr18p	2265.83333333333	18	p	2.26583333333333	Negative	Other
2436A	chr18q	3629.5	18	q	3.6295	Positive	Other
3188	chr18p	2226	18	p	2.226	Negative	Short TL
3188	chr18q	2874.25	18	q	2.87425	Positive	Short TL
3988	chr18p	4387	18	p	4.387	Negative	Other
3988	chr18q	6042	18	q	6.042	Positive	Other
6265D	chr18p	5908.66666666667	18	p	5.90866666666667	Negative	Other
6265D	chr18q	5959	18	q	5.959	Positive	Other
6266D	chr18p	8683	18	p	8.683	Negative	Other
6266D	chr18q	5275.66666666667	18	q	5.27566666666667	Positive	Other
6269C	chr18p	5938	18	p	5.938	Negative	Short TL
6269C	chr18q	5185.75	18	q	5.18575	Positive	Short TL
6277A	chr18p	6668.25	18	p	6.66825	Negative	Other
6277A	chr18q	7351	18	q	7.351	Positive	Other
6285B	chr18p	2930.83333333333	18	p	2.93083333333333	Negative	Short TL
6285B	chr18q	4215.5	18	q	4.2155	Positive	Short TL
6298B	chr18p	3784	18	p	3.784	Negative	Other
6298B	chr18q	5907.33333333333	18	q	5.90733333333333	Positive	Other
6314E	chr18p	3521.5	18	p	3.5215	Negative	Other
6314E	chr18q	4951	18	q	4.951	Positive	Other
6324B	chr18p	5885.5	18	p	5.8855	Negative	Other
6324B	chr18q	5106.5	18	q	5.1065	Positive	Other
6365A	chr18p	5181	18	p	5.181	Negative	Other
6365A	chr18q	2471.5	18	q	2.4715	Positive	Other
6414C	chr18p	4263	18	p	4.263	Negative	Short TL
6414C	chr18q	4061	18	q	4.061	Positive	Short TL
6423A	chr18p	4178	18	p	4.178	Negative	Other
6423A	chr18q	3048.16666666667	18	q	3.04816666666667	Positive	Other
6436B	chr18p	4542.5	18	p	4.5425	Negative	Other
6436B	chr18q	4820	18	q	4.82	Positive	Other
6439C	chr18p	9677.5	18	p	9.6775	Negative	Other
6439C	chr18q	4467	18	q	4.467	Positive	Other
6478A	chr18p	4144	18	p	4.144	Negative	Other
6478A	chr18q	8445.33333333333	18	q	8.44533333333333	Positive	Other
6483C	chr18p	2292.25	18	p	2.29225	Negative	Other
6483C	chr18q	4160	18	q	4.16	Positive	Other
6500D	chr18p	3413.5	18	p	3.4135	Negative	Other
6500D	chr18q	6245.66666666667	18	q	6.24566666666667	Positive	Other
6605D	chr18p	3692.5	18	p	3.6925	Negative	Other
6605D	chr18q	5330	18	q	5.33	Positive	Other
2436A	chr19p	6319.75	19	p	6.31975	Negative	Other
2436A	chr19q	4544.5	19	q	4.5445	Positive	Other
3188	chr19p	3120.16666666667	19	p	3.12016666666667	Negative	Short TL
3188	chr19q	2957.66666666667	19	q	2.95766666666667	Positive	Short TL
3988	chr19p	2050.75	19	p	2.05075	Negative	Other
3988	chr19q	7326.5	19	q	7.3265	Positive	Other
6265D	chr19p	4000	19	p	4	Negative	Other
6265D	chr19q	6555	19	q	6.555	Positive	Other
6266D	chr19p	4961.46428571429	19	p	4.96146428571429	Negative	Other
6266D	chr19q	5271	19	q	5.271	Positive	Other
6269C	chr19q	5292	19	q	5.292	Positive	Short TL
6277A	chr19p	6247	19	p	6.247	Negative	Other
6277A	chr19q	2716.5	19	q	2.7165	Positive	Other
6285B	chr19p	3348.66666666667	19	p	3.34866666666667	Negative	Short TL
6285B	chr19q	1982.33333333333	19	q	1.98233333333333	Positive	Short TL
6298B	chr19p	6994	19	p	6.994	Negative	Other
6298B	chr19q	4602	19	q	4.602	Positive	Other
6314E	chr19p	1579.25	19	p	1.57925	Negative	Other
6314E	chr19q	6479.5	19	q	6.4795	Positive	Other
6324B	chr19p	187	19	p	0.187	Negative	Other
6324B	chr19q	5251.5	19	q	5.2515	Positive	Other
6365A	chr19p	3323	19	p	3.323	Negative	Other
6365A	chr19q	5301	19	q	5.301	Positive	Other
6414C	chr19p	4113.2	19	p	4.1132	Negative	Short TL
6423A	chr19p	11089	19	p	11.089	Negative	Other
6423A	chr19q	2740	19	q	2.74	Positive	Other
6436B	chr19p	2718	19	p	2.718	Negative	Other
6436B	chr19q	3874.5	19	q	3.8745	Positive	Other
6439C	chr19q	6130	19	q	6.13	Positive	Other
6478A	chr19p	3424.66666666667	19	p	3.42466666666667	Negative	Other
6478A	chr19q	4785.66666666667	19	q	4.78566666666667	Positive	Other
6483C	chr19p	5167.5	19	p	5.1675	Negative	Other
6483C	chr19q	4462.5	19	q	4.4625	Positive	Other
6500D	chr19p	5300	19	p	5.3	Negative	Other
6500D	chr19q	5812.5	19	q	5.8125	Positive	Other
6605D	chr19p	5374	19	p	5.374	Negative	Other
6605D	chr19q	4100.5	19	q	4.1005	Positive	Other
2436A	chr20p	5707.1	20	p	5.7071	Positive	Other
2436A	chr20q	4378.4	20	q	4.3784	Negative	Other
3188	chr20p	2923.75	20	p	2.92375	Positive	Short TL
3188	chr20q	2868.25	20	q	2.86825	Negative	Short TL
3988	chr20p	3244	20	p	3.244	Positive	Other
3988	chr20q	7025.5	20	q	7.0255	Negative	Other
6265D	chr20p	5561	20	p	5.561	Positive	Other
6265D	chr20q	4525.125	20	q	4.525125	Negative	Other
6266D	chr20p	3651.5	20	p	3.6515	Positive	Other
6266D	chr20q	1916	20	q	1.916	Negative	Other
6269C	chr20p	3327.25	20	p	3.32725	Positive	Short TL
6269C	chr20q	5551.5	20	q	5.5515	Negative	Short TL
6277A	chr20p	8050.5	20	p	8.0505	Positive	Other
6277A	chr20q	3514.5	20	q	3.5145	Negative	Other
6285B	chr20p	3150.25	20	p	3.15025	Positive	Short TL
6285B	chr20q	2429	20	q	2.429	Negative	Short TL
6298B	chr20p	5506.5	20	p	5.5065	Positive	Other
6298B	chr20q	2738.66666666667	20	q	2.73866666666667	Negative	Other
6314E	chr20p	6575	20	p	6.575	Positive	Other
6324B	chr20p	2322	20	p	2.322	Positive	Other
6324B	chr20q	5013	20	q	5.013	Negative	Other
6365A	chr20p	5565	20	p	5.565	Positive	Other
6365A	chr20q	3471.25	20	q	3.47125	Negative	Other
6414C	chr20p	3327.66666666667	20	p	3.32766666666667	Positive	Short TL
6414C	chr20q	3457.75	20	q	3.45775	Negative	Short TL
6423A	chr20p	5568.75	20	p	5.56875	Positive	Other
6423A	chr20q	3727.75	20	q	3.72775	Negative	Other
6436B	chr20p	4867.33333333333	20	p	4.86733333333333	Positive	Other
6436B	chr20q	5595.5	20	q	5.5955	Negative	Other
6439C	chr20p	3438	20	p	3.438	Positive	Other
6439C	chr20q	2376	20	q	2.376	Negative	Other
6478A	chr20p	5495	20	p	5.495	Positive	Other
6478A	chr20q	6056.33333333333	20	q	6.05633333333333	Negative	Other
6483C	chr20p	4762.25	20	p	4.76225	Positive	Other
6483C	chr20q	6776.33333333333	20	q	6.77633333333333	Negative	Other
6500D	chr20p	6467.5	20	p	6.4675	Positive	Other
6500D	chr20q	6939	20	q	6.939	Negative	Other
6605D	chr20p	5215	20	p	5.215	Positive	Other
6605D	chr20q	4242.75	20	q	4.24275	Negative	Other
2436A	chr21p	6595.58333333333	21	p	6.59558333333333	Positive	Other
2436A	chr21q	9482.6	21	q	9.4826	Negative	Other
3188	chr21p	2963.5	21	p	2.9635	Positive	Short TL
3188	chr21q	3706	21	q	3.706	Negative	Short TL
3988	chr21p	8405	21	p	8.405	Positive	Other
3988	chr21q	9040.5	21	q	9.0405	Negative	Other
6265D	chr21p	10534.875	21	p	10.534875	Positive	Other
6265D	chr21q	6390	21	q	6.39	Negative	Other
6266D	chr21p	4765	21	p	4.765	Positive	Other
6266D	chr21q	7273	21	q	7.273	Negative	Other
6269C	chr21p	3810.5	21	p	3.8105	Positive	Short TL
6269C	chr21q	2735	21	q	2.735	Negative	Short TL
6277A	chr21p	4229	21	p	4.229	Positive	Other
6277A	chr21q	4477	21	q	4.477	Negative	Other
6285B	chr21p	3390.5	21	p	3.3905	Positive	Short TL
6285B	chr21q	2966.5	21	q	2.9665	Negative	Short TL
6298B	chr21p	6278.5	21	p	6.2785	Positive	Other
6298B	chr21q	7714	21	q	7.714	Negative	Other
6314E	chr21p	5084.5	21	p	5.0845	Positive	Other
6314E	chr21q	4443	21	q	4.443	Negative	Other
6324B	chr21p	4962	21	p	4.962	Positive	Other
6324B	chr21q	4380	21	q	4.38	Negative	Other
6365A	chr21p	5942	21	p	5.942	Positive	Other
6365A	chr21q	4637.66666666667	21	q	4.63766666666667	Negative	Other
6414C	chr21p	3839	21	p	3.839	Positive	Short TL
6414C	chr21q	3218	21	q	3.218	Negative	Short TL
6423A	chr21p	9530	21	p	9.53	Positive	Other
6423A	chr21q	2922	21	q	2.922	Negative	Other
6436B	chr21p	5204.75	21	p	5.20475	Positive	Other
6436B	chr21q	3587	21	q	3.587	Negative	Other
6439C	chr21p	5695	21	p	5.695	Positive	Other
6439C	chr21q	3747	21	q	3.747	Negative	Other
6478A	chr21p	4154	21	p	4.154	Positive	Other
6478A	chr21q	6340	21	q	6.34	Negative	Other
6483C	chr21q	8830	21	q	8.83	Negative	Other
6500D	chr21p	7434	21	p	7.434	Positive	Other
6500D	chr21q	5866.5	21	q	5.8665	Negative	Other
6605D	chr21q	7687	21	q	7.687	Negative	Other
2436A	chr22q	7070.1	22	q	7.0701	Positive	Other
3188	chr22p	2627.8	22	p	2.6278	Positive	Short TL
3188	chr22q	2676	22	q	2.676	Positive	Short TL
3988	chr22p	8358	22	p	8.358	Positive	Other
3988	chr22q	7252.16666666667	22	q	7.25216666666667	Positive	Other
6265D	chr22p	5696	22	p	5.696	Positive	Other
6265D	chr22q	8057.5	22	q	8.0575	Positive	Other
6266D	chr22p	3949	22	p	3.949	Positive	Other
6266D	chr22q	8680	22	q	8.68	Positive	Other
6269C	chr22p	5995.5	22	p	5.9955	Positive	Short TL
6269C	chr22q	3979	22	q	3.979	Positive	Short TL
6277A	chr22q	5396.75	22	q	5.39675	Positive	Other
6285B	chr22p	4185.25	22	p	4.18525	Positive	Short TL
6285B	chr22q	2699.5	22	q	2.6995	Positive	Short TL
6298B	chr22p	5762	22	p	5.762	Positive	Other
6298B	chr22q	5574.5	22	q	5.5745	Positive	Other
6314E	chr22p	3579	22	p	3.579	Positive	Other
6314E	chr22q	4374.5	22	q	4.3745	Positive	Other
6324B	chr22q	5772	22	q	5.772	Positive	Other
6365A	chr22p	3611.83333333333	22	p	3.61183333333333	Positive	Other
6365A	chr22q	5419.5	22	q	5.4195	Positive	Other
6414C	chr22p	4584.5	22	p	4.5845	Positive	Short TL
6414C	chr22q	3356.5	22	q	3.3565	Positive	Short TL
6423A	chr22p	5817	22	p	5.817	Positive	Other
6423A	chr22q	3632.5	22	q	3.6325	Positive	Other
6436B	chr22p	6372.5	22	p	6.3725	Positive	Other
6436B	chr22q	6561	22	q	6.561	Positive	Other
6439C	chr22p	8873.5	22	p	8.8735	Positive	Other
6439C	chr22q	5596.75	22	q	5.59675	Positive	Other
6478A	chr22p	6241	22	p	6.241	Positive	Other
6478A	chr22q	5179.75	22	q	5.17975	Positive	Other
6483C	chr22p	9634	22	p	9.634	Positive	Other
6483C	chr22q	5352.5	22	q	5.3525	Positive	Other
6500D	chr22p	4768	22	p	4.768	Positive	Other
6500D	chr22q	3249.5	22	q	3.2495	Positive	Other
6605D	chr22p	5490.25	22	p	5.49025	Positive	Other
6605D	chr22q	3118	22	q	3.118	Positive	Other
